,Category,Score
0,ACCOUNTANT,0.4074728488922119
1,BANKING,0.37517327070236206
2,BPO,0.37060147523880005
3,CHEF,0.3616229295730591
4,HR,0.3467423915863037
